{"cameraMode":{"drawMode":0,"name":"Shaded","section":"Shading Mode"},"sceneLighting":true,"audioPlay":false,"sceneViewState":{"m_AlwaysRefresh":false,"showFog":true,"showSkybox":true,"showFlares":true,"showImageEffects":true,"showParticleSystems":true,"showVisualEffectGraphs":true,"m_FxEnabled":true},"in2DMode":false,"pivot":{"x":3.7335360050201418,"y":2.734290838241577,"z":0.2542334198951721},"rotation":{"x":-0.07773931324481964,"y":0.9113942980766296,"z":-0.1991712898015976,"w":-0.35215964913368227},"size":3.2403714656829836,"orthographic":false}