{"cameraMode":{"drawMode":0,"name":"Shaded","section":"Shading Mode"},"sceneLighting":true,"audioPlay":false,"sceneViewState":{"m_AlwaysRefresh":false,"showFog":true,"showSkybox":true,"showFlares":true,"showImageEffects":true,"showParticleSystems":true,"showVisualEffectGraphs":true,"m_FxEnabled":true},"in2DMode":false,"pivot":{"x":-1.3563899993896485,"y":0.0495213158428669,"z":-1.4565603733062745},"rotation":{"x":-0.011739559471607209,"y":-0.513430118560791,"z":0.007315019611269236,"w":-0.8581346869468689},"size":0.8660253882408142,"orthographic":false}