{"cameraMode":{"drawMode":0,"name":"Shaded","section":"Shading Mode"},"sceneLighting":true,"audioPlay":false,"sceneViewState":{"m_AlwaysRefresh":false,"showFog":true,"showSkybox":true,"showFlares":true,"showImageEffects":true,"showParticleSystems":true,"showVisualEffectGraphs":true,"m_FxEnabled":true},"in2DMode":false,"pivot":{"x":39.2252197265625,"y":12.145895004272461,"z":23.817970275878908},"rotation":{"x":-0.011009599082171917,"y":-0.9319334626197815,"z":0.36201703548431399,"w":-0.026955682784318925},"size":14.243653297424317,"orthographic":false}