{"cameraMode":{"drawMode":0,"name":"Shaded","section":"Shading Mode"},"sceneLighting":false,"audioPlay":false,"sceneViewState":{"m_AlwaysRefresh":false,"showFog":true,"showSkybox":false,"showFlares":true,"showImageEffects":true,"showParticleSystems":true,"showVisualEffectGraphs":true,"m_FxEnabled":true},"in2DMode":false,"pivot":{"x":0.029994744807481767,"y":0.025175005197525026,"z":-0.03661912679672241},"rotation":{"x":0.04774355888366699,"y":0.886038601398468,"z":-0.45190197229385378,"w":0.09371569007635117},"size":0.16583123803138734,"orthographic":false}